{"textures":{"0":"freeminecraftmodels:entity/castle"},"display":{"head":{"translation":[17.855999999999998,2.5279999999999987,-0.0],"scale":[4.0,4.0,4.0]}},"elements":[{"from":[6.760000000000001,6.016,7.008],"to":[9.24,9.984,8.992],"faces":{"north":{"uv":[7.65,0.8,8.15,2.4],"texture":"#0","tintindex":0,"rotation":0},"east":{"uv":[0.0,0.0,0.0,0.0]},"south":{"uv":[8.15,0.8,7.65,2.4],"texture":"#0","tintindex":0,"rotation":0},"west":{"uv":[0.0,0.0,0.0,0.0]},"up":{"uv":[8.15,0.8,7.65,0.0],"texture":"#0","tintindex":0,"rotation":0},"down":{"uv":[8.15,3.2,7.65,2.4],"texture":"#0","tintindex":0,"rotation":0}},"rotation":{"origin":[3.5360000000000005,5.768000000000001,8.0],"angle":0.0,"axis":"x"}},{"from":[6.5120000000000005,7.256,6.76],"to":[7.256,8.744,9.24],"faces":{"north":{"uv":[0.0,0.0,0.0,0.0]},"east":{"uv":[0.0,10.6,0.025,10.65],"texture":"#0","tintindex":0,"rotation":0},"south":{"uv":[0.0,0.0,0.0,0.0]},"west":{"uv":[0.0,0.0,0.0,0.0]},"up":{"uv":[0.0,10.6,0.025,10.65],"texture":"#0","tintindex":0,"rotation":0},"down":{"uv":[0.0,10.6,0.025,10.65],"texture":"#0","tintindex":0,"rotation":0}},"rotation":{"origin":[3.5360000000000005,5.768000000000001,8.0],"angle":0.0,"axis":"x"}},{"from":[8.744,7.256,6.76],"to":[9.488,8.744,9.24],"faces":{"north":{"uv":[0.0,0.0,0.0,0.0]},"east":{"uv":[0.0,0.0,0.0,0.0]},"south":{"uv":[0.0,0.0,0.0,0.0]},"west":{"uv":[0.0,10.6,0.025,10.65],"texture":"#0","tintindex":0,"rotation":0},"up":{"uv":[0.0,10.6,0.025,10.65],"texture":"#0","tintindex":0,"rotation":0},"down":{"uv":[0.0,10.6,0.025,10.65],"texture":"#0","tintindex":0,"rotation":0}},"rotation":{"origin":[3.5360000000000005,5.768000000000001,8.0],"angle":0.0,"axis":"x"}},{"from":[9.488,10.232,9.24],"to":[6.5120000000000005,5.768000000000001,6.76],"faces":{"north":{"uv":[1.05,10.9,0.95,10.75],"texture":"#0","tintindex":0,"rotation":0},"east":{"uv":[0.975,10.9,0.95,10.75],"texture":"#0","tintindex":0,"rotation":0},"south":{"uv":[0.95,10.9,1.05,10.75],"texture":"#0","tintindex":0,"rotation":0},"west":{"uv":[0.975,10.9,0.95,10.75],"texture":"#0","tintindex":0,"rotation":0},"up":{"uv":[0.0,10.6,0.025,10.65],"texture":"#0","tintindex":0,"rotation":0},"down":{"uv":[0.0,10.6,0.025,10.65],"texture":"#0","tintindex":0,"rotation":0}},"rotation":{"origin":[3.5360000000000005,5.768000000000001,8.0],"angle":0.0,"axis":"x"}}]}