{"textures":{"0":"freeminecraftmodels:entity/castle"},"display":{"head":{"translation":[-27.28,22.864,-0.0],"scale":[4.0,4.0,4.0]}},"elements":[{"from":[6.140000000000001,5.892,7.008],"to":[10.108,9.86,8.992],"faces":{"north":{"uv":[9.9,0.8,10.7,2.4],"texture":"#0","tintindex":0,"rotation":0},"east":{"uv":[0.0,0.0,0.0,0.0]},"south":{"uv":[10.7,0.8,9.9,2.4],"texture":"#0","tintindex":0,"rotation":0},"west":{"uv":[0.0,0.0,0.0,0.0]},"up":{"uv":[10.7,0.8,9.9,0.0],"texture":"#0","tintindex":0,"rotation":0},"down":{"uv":[10.7,3.2,9.9,2.4],"texture":"#0","tintindex":0,"rotation":0}},"rotation":{"origin":[14.82,0.6840000000000006,8.0],"angle":0.0,"axis":"x"}},{"from":[5.8919999999999995,7.132000000000001,6.76],"to":[8.868,10.108,9.24],"faces":{"north":{"uv":[0.0,0.0,0.0,0.0]},"east":{"uv":[0.0,10.6,0.025,10.65],"texture":"#0","tintindex":0,"rotation":0},"south":{"uv":[0.0,0.0,0.0,0.0]},"west":{"uv":[0.0,0.0,0.0,0.0]},"up":{"uv":[0.0,0.0,0.0,0.0]},"down":{"uv":[0.0,10.6,0.025,10.65],"texture":"#0","tintindex":0,"rotation":0}},"rotation":{"origin":[14.82,0.6840000000000006,8.0],"angle":0.0,"axis":"x"}},{"from":[10.356,10.108,9.24],"to":[5.8919999999999995,5.644,6.76],"faces":{"north":{"uv":[1.45,10.75,1.375,10.9],"texture":"#0","tintindex":0,"rotation":0},"east":{"uv":[1.425,10.75,1.45,10.9],"texture":"#0","tintindex":0,"rotation":0},"south":{"uv":[1.375,10.75,1.45,10.9],"texture":"#0","tintindex":0,"rotation":0},"west":{"uv":[0.0,10.6,0.025,10.65],"texture":"#0","tintindex":0,"rotation":0},"up":{"uv":[0.0,10.6,0.025,10.65],"texture":"#0","tintindex":0,"rotation":0},"down":{"uv":[1.375,10.9,1.45,10.85],"texture":"#0","tintindex":0,"rotation":0}},"rotation":{"origin":[14.82,0.6840000000000006,8.0],"angle":0.0,"axis":"x"}}]}