{"textures":{"0":"freeminecraftmodels:entity/texture2"},"display":{"head":{"translation":[0.11159999999999926,-2.9280000000000044,1.472799999999996],"scale":[4.0,4.0,4.0]}},"elements":[{"from":[7.4,6.8,7.400000000000001],"to":[8.6,9.2,8.600000000000001],"rotation":{"origin":[8.1721,6.772000000000008,8.0318],"angle":-45.0,"axis":"x"},"uv_offset":[56.0,0.0],"faces":{"north":{"uv":[7.375,0.375,7.75,1.125],"texture":"#0","tintindex":0,"rotation":0},"east":{"uv":[7.0,0.375,7.375,1.125],"texture":"#0","tintindex":0,"rotation":0},"south":{"uv":[8.125,0.375,8.5,1.125],"texture":"#0","tintindex":0,"rotation":0},"west":{"uv":[7.75,0.375,8.125,1.125],"texture":"#0","tintindex":0,"rotation":0},"up":{"uv":[7.75,0.375,7.375,0.0],"texture":"#0","tintindex":0,"rotation":0},"down":{"uv":[8.125,0.0,7.75,0.375],"texture":"#0","tintindex":0,"rotation":0}}}]}