{"textures":{"0":"freeminecraftmodels:entity/texture2"},"display":{"head":{"translation":[-0.008000000000002672,-3.612400000000001,1.600399999999997],"scale":[4.0,4.0,4.0]}},"elements":[{"from":[7.4,6.800000000000001,7.400000000000001],"to":[8.600000000000001,9.2,8.600000000000001],"rotation":{"origin":[7.7620000000000005,6.84310000000001,7.839900000000001],"angle":-45.0,"axis":"x"},"uv_offset":[0.0,52.0],"faces":{"north":{"uv":[0.375,6.875,0.75,7.625],"texture":"#0","tintindex":0,"rotation":0},"east":{"uv":[0.0,6.875,0.375,7.625],"texture":"#0","tintindex":0,"rotation":0},"south":{"uv":[1.125,6.875,1.5,7.625],"texture":"#0","tintindex":0,"rotation":0},"west":{"uv":[0.75,6.875,1.125,7.625],"texture":"#0","tintindex":0,"rotation":0},"up":{"uv":[0.75,6.875,0.375,6.5],"texture":"#0","tintindex":0,"rotation":0},"down":{"uv":[1.125,6.5,0.75,6.875],"texture":"#0","tintindex":0,"rotation":0}}}]}