{"textures":{"0":"freeminecraftmodels:entity/texture"},"display":{"head":{"translation":[-3.552713678800501E-15,1.6000000000000014,3.552713678800501E-15],"scale":[4.0,4.0,4.0]}},"elements":[{"from":[6.9,6.0,6.8999999999999995],"to":[9.100000000000001,10.0,9.1],"rotation":{"origin":[8.0,6.0,7.999999999999999],"angle":-45.0,"axis":"x"},"uv_offset":[68.0,11.0],"faces":{"north":{"uv":[9.125,2.0,9.75,3.25],"texture":"#0","tintindex":0,"rotation":0},"east":{"uv":[8.5,2.0,9.125,3.25],"texture":"#0","tintindex":0,"rotation":0},"south":{"uv":[10.375,2.0,11.0,3.25],"texture":"#0","tintindex":0,"rotation":0},"west":{"uv":[9.75,2.0,10.375,3.25],"texture":"#0","tintindex":0,"rotation":0},"up":{"uv":[9.75,2.0,9.125,1.375],"texture":"#0","tintindex":0,"rotation":0},"down":{"uv":[10.375,1.375,9.75,2.0],"texture":"#0","tintindex":0,"rotation":0}}}]}