{"textures":{"0":"freeminecraftmodels:entity/texture"},"display":{"head":{"translation":[0.0799999999999983,-10.400000000000002,0.0799999999999983],"scale":[4.0,4.0,4.0]}},"elements":[{"from":[7.0600000000000005,6.6,7.0600000000000005],"to":[8.94,9.399999999999999,8.940000000000001],"rotation":{"origin":[7.98,9.0,7.98],"angle":45.0,"axis":"x"},"uv_offset":[68.0,0.0],"faces":{"north":{"uv":[9.0,0.5,9.5,1.375],"texture":"#0","tintindex":0,"rotation":0},"east":{"uv":[8.5,0.5,9.0,1.375],"texture":"#0","tintindex":0,"rotation":0},"south":{"uv":[10.0,0.5,10.5,1.375],"texture":"#0","tintindex":0,"rotation":0},"west":{"uv":[9.5,0.5,10.0,1.375],"texture":"#0","tintindex":0,"rotation":0},"up":{"uv":[9.5,0.5,9.0,0.0],"texture":"#0","tintindex":0,"rotation":0},"down":{"uv":[10.0,0.0,9.5,0.5],"texture":"#0","tintindex":0,"rotation":0}}}]}