{"textures":{"0":"freeminecraftmodels:entity/texture"},"display":{"head":{"translation":[0.0799999999999983,-5.839999999999996,-4.799999999999994],"scale":[4.0,4.0,4.0]}},"elements":[{"from":[7.1,7.14,6.599999999999999],"to":[8.9,8.86,9.399999999999999],"uv_offset":[88.0,15.0],"faces":{"north":{"uv":[11.875,2.75,12.375,3.25],"texture":"#0","tintindex":0,"rotation":0},"east":{"uv":[11.0,2.75,11.875,3.25],"texture":"#0","tintindex":0,"rotation":0},"south":{"uv":[13.25,2.75,13.75,3.25],"texture":"#0","tintindex":0,"rotation":0},"west":{"uv":[12.375,2.75,13.25,3.25],"texture":"#0","tintindex":0,"rotation":0},"up":{"uv":[12.375,2.75,11.875,1.875],"texture":"#0","tintindex":0,"rotation":0},"down":{"uv":[12.875,1.875,12.375,2.75],"texture":"#0","tintindex":0,"rotation":0}},"rotation":{"origin":[7.98,7.859999999999999,9.2],"angle":0.0,"axis":"x"}}]}