{"textures":{"0":"freeminecraftmodels:entity/texture"},"display":{"head":{"translation":[0.4799999999999969,-6.160000000000004,5.1200000000000045],"scale":[4.0,4.0,4.0]}},"elements":[{"from":[7.4,7.6000000000000005,6.799999999999999],"to":[8.600000000000001,8.399999999999999,9.2],"rotation":{"origin":[8.280000000000001,7.78,6.919999999999999],"angle":22.5,"axis":"z"},"uv_offset":[32.0,52.0],"faces":{"north":{"uv":[4.75,7.25,5.125,7.5],"texture":"#0","tintindex":0,"rotation":0},"east":{"uv":[4.0,7.25,4.75,7.5],"texture":"#0","tintindex":0,"rotation":0},"south":{"uv":[5.875,7.25,6.25,7.5],"texture":"#0","tintindex":0,"rotation":0},"west":{"uv":[5.125,7.25,5.875,7.5],"texture":"#0","tintindex":0,"rotation":0},"up":{"uv":[5.125,7.25,4.75,6.5],"texture":"#0","tintindex":0,"rotation":0},"down":{"uv":[5.5,6.5,5.125,7.25],"texture":"#0","tintindex":0,"rotation":0}}}]}