{"textures":{"0":"freeminecraftmodels:entity/stiched_texture copy","1":"freeminecraftmodels:entity/castle"},"display":{"head":{"translation":[-0.0,-9.600000000000001,-3.552713678800501E-15],"scale":[4.0,4.0,4.0]}},"elements":[{"from":[6.4,6.3999999999999995,7.200000000000001],"to":[9.6,8.0,8.8],"uv_offset":[40.0,38.0],"faces":{"north":{"uv":[10.75,10.5,12.75,11.5],"texture":"#0","tintindex":0,"rotation":0},"east":{"uv":[10.0,10.5,10.75,11.5],"texture":"#0","tintindex":0,"rotation":0},"south":{"uv":[13.75,10.5,15.75,11.5],"texture":"#0","tintindex":0,"rotation":0},"west":{"uv":[12.75,10.5,13.75,11.5],"texture":"#0","tintindex":0,"rotation":0},"up":{"uv":[13.0,10.5,11.0,9.5],"texture":"#0","tintindex":0,"rotation":0},"down":{"uv":[14.75,9.5,13.0,10.5],"texture":"#0","tintindex":0,"rotation":0}},"rotation":{"origin":[8.0,0.40000000000000036,8.4],"angle":0.0,"axis":"x"}},{"from":[9.6,6.3999999999999995,7.200000000000001],"to":[11.2,9.600000000000001,8.8],"uv_offset":[44.0,22.0],"faces":{"north":{"uv":[11.75,6.5,12.75,8.5],"texture":"#0","tintindex":0,"rotation":0},"east":{"uv":[10.75,6.5,11.75,8.5],"texture":"#0","tintindex":0,"rotation":0},"south":{"uv":[13.75,6.5,14.75,8.5],"texture":"#0","tintindex":0,"rotation":0},"west":{"uv":[12.75,6.5,13.75,8.5],"texture":"#0","tintindex":0,"rotation":0},"up":{"uv":[13.0,6.5,12.0,5.5],"texture":"#0","tintindex":0,"rotation":0},"down":{"uv":[13.75,5.5,13.0,6.5],"texture":"#0","tintindex":0,"rotation":0}},"rotation":{"origin":[8.0,0.40000000000000036,8.4],"angle":0.0,"axis":"x"}},{"from":[4.8,6.3999999999999995,7.200000000000001],"to":[6.4,9.600000000000001,8.8],"mirror_uv":true,"uv_offset":[44.0,22.0],"faces":{"north":{"uv":[12.75,6.5,11.75,8.5],"texture":"#0","tintindex":0,"rotation":0},"east":{"uv":[13.75,6.5,12.75,8.5],"texture":"#0","tintindex":0,"rotation":0},"south":{"uv":[14.75,6.5,13.75,8.5],"texture":"#0","tintindex":0,"rotation":0},"west":{"uv":[11.75,6.5,10.75,8.5],"texture":"#0","tintindex":0,"rotation":0},"up":{"uv":[12.0,6.5,13.0,5.5],"texture":"#0","tintindex":0,"rotation":0},"down":{"uv":[13.0,5.5,13.75,6.5],"texture":"#0","tintindex":0,"rotation":0}},"rotation":{"origin":[8.0,0.40000000000000036,8.4],"angle":0.0,"axis":"x"}}]}