{"textures":{"0":"freeminecraftmodels:entity/stiched_texture copy","1":"freeminecraftmodels:entity/castle"},"display":{"head":{"translation":[-45.135999999999996,22.368000000000002,-0.0],"scale":[4.0,4.0,4.0]}},"elements":[{"from":[6.139999999999999,6.016,7.008],"to":[10.107999999999999,9.984,8.992],"faces":{"north":{"uv":[4.25,0.8,5.05,2.4],"texture":"#1","tintindex":0,"rotation":0},"east":{"uv":[0.0,0.0,0.0,0.0]},"south":{"uv":[5.05,0.8,4.25,2.4],"texture":"#1","tintindex":0,"rotation":0},"west":{"uv":[0.0,0.0,0.0,0.0]},"up":{"uv":[5.05,0.8,4.25,0.0],"texture":"#1","tintindex":0,"rotation":0},"down":{"uv":[5.05,3.2,4.25,2.4],"texture":"#1","tintindex":0,"rotation":0}},"rotation":{"origin":[19.284,0.8079999999999998,8.0],"angle":0.0,"axis":"x"}},{"from":[5.8919999999999995,7.256,6.76],"to":[7.379999999999999,8.744,9.24],"faces":{"north":{"uv":[0.0,0.0,0.0,0.0]},"east":{"uv":[0.0,10.6,0.025,10.65],"texture":"#1","tintindex":0,"rotation":0},"south":{"uv":[0.0,0.0,0.0,0.0]},"west":{"uv":[0.0,0.0,0.0,0.0]},"up":{"uv":[0.0,10.6,0.025,10.65],"texture":"#1","tintindex":0,"rotation":0},"down":{"uv":[0.0,10.6,0.025,10.65],"texture":"#1","tintindex":0,"rotation":0}},"rotation":{"origin":[19.284,0.8079999999999998,8.0],"angle":0.0,"axis":"x"}},{"from":[10.355999999999998,10.232,9.24],"to":[5.8919999999999995,5.768,6.76],"faces":{"north":{"uv":[0.725,10.6,0.65,10.9],"texture":"#1","tintindex":0,"rotation":0},"east":{"uv":[0.7,10.6,0.725,10.9],"texture":"#1","tintindex":0,"rotation":0},"south":{"uv":[0.65,10.6,0.725,10.9],"texture":"#1","tintindex":0,"rotation":0},"west":{"uv":[0.0,10.6,0.025,10.65],"texture":"#1","tintindex":0,"rotation":0},"up":{"uv":[0.0,10.6,0.025,10.65],"texture":"#1","tintindex":0,"rotation":0},"down":{"uv":[0.0,10.6,0.025,10.65],"texture":"#1","tintindex":0,"rotation":0}},"rotation":{"origin":[19.284,0.8079999999999998,8.0],"angle":0.0,"axis":"x"}}]}