{"textures":{"0":"freeminecraftmodels:entity/stiched_texture copy","1":"freeminecraftmodels:entity/castle"},"display":{"head":{"translation":[32.239999999999995,2.032000000000002,-0.0],"scale":[4.0,4.0,4.0]}},"elements":[{"from":[6.140000000000001,6.14,7.008],"to":[10.108,10.108,8.992],"faces":{"north":{"uv":[5.1,0.8,5.9,2.4],"texture":"#1","tintindex":0,"rotation":0},"east":{"uv":[0.0,0.0,0.0,0.0]},"south":{"uv":[5.9,0.8,5.1,2.4],"texture":"#1","tintindex":0,"rotation":0},"west":{"uv":[0.0,0.0,0.0,0.0]},"up":{"uv":[5.9,0.8,5.1,0.0],"texture":"#1","tintindex":0,"rotation":0},"down":{"uv":[5.9,3.2,5.1,2.4],"texture":"#1","tintindex":0,"rotation":0}},"rotation":{"origin":[-0.05999999999999961,5.8919999999999995,8.0],"angle":0.0,"axis":"x"}},{"from":[5.892,7.379999999999999,6.76],"to":[7.380000000000001,8.867999999999999,9.24],"faces":{"north":{"uv":[0.0,0.0,0.0,0.0]},"east":{"uv":[0.0,10.6,0.025,10.65],"texture":"#1","tintindex":0,"rotation":0},"south":{"uv":[0.0,0.0,0.0,0.0]},"west":{"uv":[0.0,0.0,0.0,0.0]},"up":{"uv":[0.0,10.6,0.025,10.65],"texture":"#1","tintindex":0,"rotation":0},"down":{"uv":[0.0,0.0,0.0,0.0]}},"rotation":{"origin":[-0.05999999999999961,5.8919999999999995,8.0],"angle":0.0,"axis":"x"}},{"from":[7.380000000000001,5.8919999999999995,6.76],"to":[8.868000000000002,7.379999999999999,9.24],"faces":{"north":{"uv":[0.0,0.0,0.0,0.0]},"east":{"uv":[0.0,10.6,0.025,10.65],"texture":"#1","tintindex":0,"rotation":0},"south":{"uv":[0.0,0.0,0.0,0.0]},"west":{"uv":[0.0,0.0,0.0,0.0]},"up":{"uv":[0.0,10.6,0.025,10.65],"texture":"#1","tintindex":0,"rotation":0},"down":{"uv":[0.0,0.0,0.0,0.0]}},"rotation":{"origin":[-0.05999999999999961,5.8919999999999995,8.0],"angle":0.0,"axis":"x"}},{"from":[10.356000000000002,10.356,9.24],"to":[5.892,5.8919999999999995,6.76],"faces":{"north":{"uv":[0.8,10.9,0.725,10.6],"texture":"#1","tintindex":0,"rotation":0},"east":{"uv":[0.775,10.9,0.8,10.6],"texture":"#1","tintindex":0,"rotation":0},"south":{"uv":[0.725,10.9,0.8,10.6],"texture":"#1","tintindex":0,"rotation":0},"west":{"uv":[0.0,10.6,0.025,10.65],"texture":"#1","tintindex":0,"rotation":0},"up":{"uv":[0.725,10.85,0.8,10.9],"texture":"#1","tintindex":0,"rotation":0},"down":{"uv":[0.0,10.6,0.025,10.65],"texture":"#1","tintindex":0,"rotation":0}},"rotation":{"origin":[-0.05999999999999961,5.8919999999999995,8.0],"angle":0.0,"axis":"x"}}]}