{"textures":{"0":"freeminecraftmodels:entity/stiched_texture copy","1":"freeminecraftmodels:entity/castle"},"display":{"head":{"translation":[-14.879999999999995,2.5280000000000005,-0.0],"scale":[4.0,4.0,4.0]}},"elements":[{"from":[6.015999999999999,6.016,7.008],"to":[9.983999999999998,9.984,8.992],"faces":{"north":{"uv":[6.8,0.8,7.6,2.4],"texture":"#1","tintindex":0,"rotation":0},"east":{"uv":[0.0,0.0,0.0,0.0]},"south":{"uv":[7.6,0.8,6.8,2.4],"texture":"#1","tintindex":0,"rotation":0},"west":{"uv":[0.0,0.0,0.0,0.0]},"up":{"uv":[7.6,0.8,6.8,0.0],"texture":"#1","tintindex":0,"rotation":0},"down":{"uv":[7.6,3.2,6.8,2.4],"texture":"#1","tintindex":0,"rotation":0}},"rotation":{"origin":[11.719999999999999,5.768,8.0],"angle":0.0,"axis":"x"}},{"from":[7.2559999999999985,5.768,6.76],"to":[8.744,7.256,9.24],"faces":{"north":{"uv":[0.0,0.0,0.0,0.0]},"east":{"uv":[0.0,10.6,0.025,10.65],"texture":"#1","tintindex":0,"rotation":0},"south":{"uv":[0.0,0.0,0.0,0.0]},"west":{"uv":[0.0,10.6,0.025,10.65],"texture":"#1","tintindex":0,"rotation":0},"up":{"uv":[0.0,10.6,0.025,10.65],"texture":"#1","tintindex":0,"rotation":0},"down":{"uv":[0.0,0.0,0.0,0.0]}},"rotation":{"origin":[11.719999999999999,5.768,8.0],"angle":0.0,"axis":"x"}},{"from":[7.2559999999999985,8.744,6.76],"to":[8.744,10.232,9.24],"faces":{"north":{"uv":[0.0,0.0,0.0,0.0]},"east":{"uv":[0.0,10.6,0.025,10.65],"texture":"#1","tintindex":0,"rotation":0},"south":{"uv":[0.0,0.0,0.0,0.0]},"west":{"uv":[0.0,10.6,0.025,10.65],"texture":"#1","tintindex":0,"rotation":0},"up":{"uv":[0.0,0.0,0.0,0.0]},"down":{"uv":[0.0,10.6,0.025,10.65],"texture":"#1","tintindex":0,"rotation":0}},"rotation":{"origin":[11.719999999999999,5.768,8.0],"angle":0.0,"axis":"x"}},{"from":[10.232,10.232,9.24],"to":[5.767999999999999,5.768,6.76],"faces":{"north":{"uv":[1.0,10.75,0.925,10.6],"texture":"#1","tintindex":0,"rotation":0},"east":{"uv":[0.0,10.6,0.025,10.65],"texture":"#1","tintindex":0,"rotation":0},"south":{"uv":[0.925,10.75,1.0,10.6],"texture":"#1","tintindex":0,"rotation":0},"west":{"uv":[0.0,10.6,0.025,10.65],"texture":"#1","tintindex":0,"rotation":0},"up":{"uv":[0.925,10.65,1.0,10.6],"texture":"#1","tintindex":0,"rotation":0},"down":{"uv":[0.925,10.65,1.0,10.6],"texture":"#1","tintindex":0,"rotation":0}},"rotation":{"origin":[11.719999999999999,5.768,8.0],"angle":0.0,"axis":"x"}}]}