{"textures":{"0":"freeminecraftmodels:entity/stiched_texture copy","1":"freeminecraftmodels:entity/castle"},"display":{"head":{"translation":[-8.927999999999997,21.872,-0.0],"scale":[4.0,4.0,4.0]}},"elements":[{"from":[6.015999999999999,6.14,7.008],"to":[9.984,10.108,8.992],"faces":{"north":{"uv":[16.7,0.8,17.5,2.4],"texture":"#1","tintindex":0,"rotation":0},"east":{"uv":[0.0,0.0,0.0,0.0]},"south":{"uv":[17.5,0.8,16.7,2.4],"texture":"#1","tintindex":0,"rotation":0},"west":{"uv":[0.0,0.0,0.0,0.0]},"up":{"uv":[17.5,0.8,16.7,0.0],"texture":"#1","tintindex":0,"rotation":0},"down":{"uv":[17.5,3.2,16.7,2.4],"texture":"#1","tintindex":0,"rotation":0}},"rotation":{"origin":[10.232,0.9319999999999995,8.0],"angle":0.0,"axis":"x"}},{"from":[5.767999999999999,5.8919999999999995,6.76],"to":[7.255999999999999,8.867999999999999,9.24],"faces":{"north":{"uv":[0.0,0.0,0.0,0.0]},"east":{"uv":[0.0,10.6,0.025,10.65],"texture":"#1","tintindex":0,"rotation":0},"south":{"uv":[0.0,0.0,0.0,0.0]},"west":{"uv":[0.0,0.0,0.0,0.0]},"up":{"uv":[0.0,10.6,0.025,10.65],"texture":"#1","tintindex":0,"rotation":0},"down":{"uv":[0.0,0.0,0.0,0.0]}},"rotation":{"origin":[10.232,0.9319999999999995,8.0],"angle":0.0,"axis":"x"}},{"from":[8.744,5.8919999999999995,6.76],"to":[10.232,8.867999999999999,9.24],"faces":{"north":{"uv":[0.0,0.0,0.0,0.0]},"east":{"uv":[0.0,0.0,0.0,0.0]},"south":{"uv":[0.0,0.0,0.0,0.0]},"west":{"uv":[0.0,10.6,0.025,10.65],"texture":"#1","tintindex":0,"rotation":0},"up":{"uv":[0.0,10.6,0.025,10.65],"texture":"#1","tintindex":0,"rotation":0},"down":{"uv":[0.0,0.0,0.0,0.0]}},"rotation":{"origin":[10.232,0.9319999999999995,8.0],"angle":0.0,"axis":"x"}},{"from":[10.232,10.355999999999998,9.24],"to":[5.767999999999999,5.8919999999999995,6.76],"faces":{"north":{"uv":[3.4,10.9,3.475,10.75],"texture":"#1","tintindex":0,"rotation":0},"east":{"uv":[3.4,10.9,3.425,10.75],"texture":"#1","tintindex":0,"rotation":0},"south":{"uv":[3.4,10.9,3.475,10.75],"texture":"#1","tintindex":0,"rotation":0},"west":{"uv":[3.4,10.9,3.425,10.75],"texture":"#1","tintindex":0,"rotation":0},"up":{"uv":[3.4,10.85,3.475,10.9],"texture":"#1","tintindex":0,"rotation":0},"down":{"uv":[0.0,10.6,0.025,10.65],"texture":"#1","tintindex":0,"rotation":0}},"rotation":{"origin":[10.232,0.9319999999999995,8.0],"angle":0.0,"axis":"x"}}]}