{"textures":{"0":"freeminecraftmodels:entity/stiched_texture"},"display":{"head":{"translation":[-11.519999999999996,-6.08,-0.0],"scale":[4.0,4.0,4.0]}},"elements":[{"from":[6.559999999999999,6.08,7.36],"to":[9.44,9.92,8.64],"faces":{"north":{"uv":[4.5902,1.0492,6.9508,4.1967],"texture":"#0","tintindex":0,"rotation":0},"east":{"uv":[3.0164,0.0,3.2131,0.1967],"texture":"#0","tintindex":0,"rotation":0},"south":{"uv":[6.9508,1.0492,4.5902,4.1967],"texture":"#0","tintindex":0,"rotation":0},"west":{"uv":[3.0164,0.0,3.2131,0.1967],"texture":"#0","tintindex":0,"rotation":0},"up":{"uv":[6.9508,1.0492,4.5902,0.0],"texture":"#0","tintindex":0,"rotation":0},"down":{"uv":[65.9672,5.2459,63.6066,4.1967],"texture":"#0","tintindex":0,"rotation":0}},"rotation":{"origin":[10.879999999999999,5.92,8.0],"angle":0.0,"axis":"x"}}]}