{"textures":{"0":"freeminecraftmodels:entity/stiched_texture"},"display":{"head":{"translation":[-5.329070518200751E-15,-1.6000000000000192,-2.886579864025407E-15],"scale":[4.0,4.0,4.0]}},"elements":[{"from":[7.400000000000001,6.8,7.4],"to":[8.600000000000001,9.2,8.600000000000001],"uv_offset":[2.0,8.0],"faces":{"north":{"uv":[0.3279,0.7213,0.5246,1.1148],"texture":"#0","tintindex":0,"rotation":0},"east":{"uv":[0.1311,0.7213,0.3279,1.1148],"texture":"#0","tintindex":0,"rotation":0},"south":{"uv":[0.7213,0.7213,0.918,1.1148],"texture":"#0","tintindex":0,"rotation":0},"west":{"uv":[0.5246,0.7213,0.7213,1.1148],"texture":"#0","tintindex":0,"rotation":0},"up":{"uv":[0.5246,0.7213,0.3279,0.5246],"texture":"#0","tintindex":0,"rotation":0},"down":{"uv":[0.7213,0.5246,0.5246,0.7213],"texture":"#0","tintindex":0,"rotation":0}},"rotation":{"origin":[8.000000000000002,6.200000000000001,9.200000000000001],"angle":0.0,"axis":"x"}}]}