{"textures":{"0":"freeminecraftmodels:entity/stiched_texture"},"display":{"head":{"translation":[-29.759999999999998,1.92,-0.0],"scale":[4.0,4.0,4.0]}},"elements":[{"from":[7.76,6.08,7.36],"to":[8.239999999999998,9.92,8.64],"faces":{"north":{"uv":[22.9508,11.8033,23.3443,14.9508],"texture":"#0","tintindex":0,"rotation":0},"east":{"uv":[3.0164,0.0,3.2131,0.1967],"texture":"#0","tintindex":0,"rotation":0},"south":{"uv":[23.3443,11.8033,22.9508,14.9508],"texture":"#0","tintindex":0,"rotation":0},"west":{"uv":[23.3443,11.8033,24.3934,14.9508],"texture":"#0","tintindex":0,"rotation":0},"up":{"uv":[23.3443,11.8033,22.9508,10.7541],"texture":"#0","tintindex":0,"rotation":0},"down":{"uv":[22.8197,16.0,22.4262,14.9508],"texture":"#0","tintindex":0,"rotation":0}},"rotation":{"origin":[15.44,5.92,8.0],"angle":0.0,"axis":"x"}}]}