{"textures":{"0":"freeminecraftmodels:entity/stiched_texture"},"display":{"head":{"translation":[1.7763568394002505E-15,-2.9599999999999724,-0.8799999999999799],"scale":[4.0,4.0,4.0]}},"elements":[{"from":[7.6,6.539999999999999,7.819999999999999],"to":[8.399999999999999,7.739999999999999,8.62],"uv_offset":[2.0,2.0],"faces":{"north":{"uv":[0.2623,0.2623,0.3934,0.459],"texture":"#0","tintindex":0,"rotation":0},"east":{"uv":[0.1311,0.2623,0.2623,0.459],"texture":"#0","tintindex":0,"rotation":0},"south":{"uv":[0.5246,0.2623,0.6557,0.459],"texture":"#0","tintindex":0,"rotation":0},"west":{"uv":[0.3934,0.2623,0.5246,0.459],"texture":"#0","tintindex":0,"rotation":0},"up":{"uv":[0.3934,0.2623,0.2623,0.1311],"texture":"#0","tintindex":0,"rotation":0},"down":{"uv":[0.5246,0.1311,0.3934,0.2623],"texture":"#0","tintindex":0,"rotation":0}},"rotation":{"origin":[8.0,3.8200000000000003,9.34],"angle":0.0,"axis":"x"}},{"from":[7.6,7.739999999999999,7.02],"to":[8.399999999999999,8.14,8.62],"uv_offset":[10.0,0.0],"faces":{"north":{"uv":[0.918,0.2623,1.0492,0.3279],"texture":"#0","tintindex":0,"rotation":0},"east":{"uv":[0.6557,0.2623,0.918,0.3279],"texture":"#0","tintindex":0,"rotation":0},"south":{"uv":[1.3115,0.2623,1.4426,0.3279],"texture":"#0","tintindex":0,"rotation":0},"west":{"uv":[1.0492,0.2623,1.3115,0.3279],"texture":"#0","tintindex":0,"rotation":0},"up":{"uv":[1.0492,0.2623,0.918,0.0],"texture":"#0","tintindex":0,"rotation":0},"down":{"uv":[1.1803,0.0,1.0492,0.2623],"texture":"#0","tintindex":0,"rotation":0}},"rotation":{"origin":[8.0,3.8200000000000003,9.34],"angle":0.0,"axis":"x"}},{"from":[7.8,6.9399999999999995,7.459999999999999],"to":[8.2,7.739999999999999,7.859999999999999],"uv_offset":[11.0,7.0],"faces":{"north":{"uv":[0.7869,0.5246,0.8525,0.6557],"texture":"#0","tintindex":0,"rotation":0},"east":{"uv":[0.7213,0.5246,0.7869,0.6557],"texture":"#0","tintindex":0,"rotation":0},"south":{"uv":[0.918,0.5246,0.9836,0.6557],"texture":"#0","tintindex":0,"rotation":0},"west":{"uv":[0.8525,0.5246,0.918,0.6557],"texture":"#0","tintindex":0,"rotation":0},"up":{"uv":[0.8525,0.5246,0.7869,0.459],"texture":"#0","tintindex":0,"rotation":0},"down":{"uv":[0.918,0.459,0.8525,0.5246],"texture":"#0","tintindex":0,"rotation":0}},"rotation":{"origin":[8.0,3.8200000000000003,9.34],"angle":0.0,"axis":"x"}},{"from":[7.8,7.06,7.06],"to":[8.2,7.739999999999999,7.459999999999999],"uv_offset":[16.0,7.0],"faces":{"north":{"uv":[1.1148,0.5246,1.1803,0.5902],"texture":"#0","tintindex":0,"rotation":0},"east":{"uv":[1.0492,0.5246,1.1148,0.5902],"texture":"#0","tintindex":0,"rotation":0},"south":{"uv":[1.2459,0.5246,1.3115,0.5902],"texture":"#0","tintindex":0,"rotation":0},"west":{"uv":[1.1803,0.5246,1.2459,0.5902],"texture":"#0","tintindex":0,"rotation":0},"up":{"uv":[1.1803,0.5246,1.1148,0.459],"texture":"#0","tintindex":0,"rotation":0},"down":{"uv":[1.2459,0.459,1.1803,0.5246],"texture":"#0","tintindex":0,"rotation":0}},"rotation":{"origin":[8.0,3.8200000000000003,9.34],"angle":0.0,"axis":"x"}},{"from":[7.9799999999999995,7.459999999999999,7.379999999999999],"to":[8.02,9.46,8.98],"uv_offset":[2.0,18.0],"faces":{"north":{"uv":[0.3934,1.4426,0.3934,1.7705],"texture":"#0","tintindex":0,"rotation":0},"east":{"uv":[0.1311,1.4426,0.3934,1.7705],"texture":"#0","tintindex":0,"rotation":0},"south":{"uv":[0.7213,1.5738,0.7869,1.7705],"texture":"#0","tintindex":0,"rotation":0},"west":{"uv":[0.3934,1.4426,0.6557,1.7705],"texture":"#0","tintindex":0,"rotation":0},"up":{"uv":[0.6557,1.7049,0.7213,1.4426],"texture":"#0","tintindex":0,"rotation":0},"down":{"uv":[0.3934,1.1803,0.3934,1.4426],"texture":"#0","tintindex":0,"rotation":0}},"rotation":{"origin":[8.0,3.8200000000000003,9.34],"angle":0.0,"axis":"x"}}]}