{"textures":{"0":"freeminecraftmodels:entity/stiched_texture"},"display":{"head":{"translation":[23.04,-6.08,-0.0],"scale":[4.0,4.0,4.0]}},"elements":[{"from":[6.5600000000000005,6.08,7.36],"to":[9.440000000000001,9.92,8.64],"faces":{"north":{"uv":[26.2295,1.0492,28.5902,4.1967],"texture":"#0","tintindex":0,"rotation":0},"east":{"uv":[3.2787,0.0656,3.6066,0.2623],"texture":"#0","tintindex":0,"rotation":0},"south":{"uv":[28.5902,1.0492,26.2295,4.1967],"texture":"#0","tintindex":0,"rotation":0},"west":{"uv":[3.2787,0.0656,3.6066,0.2623],"texture":"#0","tintindex":0,"rotation":0},"up":{"uv":[28.5902,1.0492,26.2295,0.0],"texture":"#0","tintindex":0,"rotation":0},"down":{"uv":[65.9672,5.2459,63.6066,4.1967],"texture":"#0","tintindex":0,"rotation":0}},"rotation":{"origin":[2.24,7.92,8.0],"angle":0.0,"axis":"x"}}]}