{"textures":{"0":"freeminecraftmodels:entity/stiched_texture"},"display":{"head":{"translation":[0.8000000000000043,-7.199999999999999,-0.8],"scale":[4.0,4.0,4.0]}},"elements":[{"from":[7.799999999999999,7.6,8.19],"to":[8.2,8.399999999999999,8.2],"mirror_uv":true,"uv_offset":[17.0,19.0],"faces":{"north":{"uv":[1.1803,1.2459,1.1148,1.377],"texture":"#0","tintindex":0,"rotation":0},"east":{"uv":[1.1803,1.2459,1.1803,1.377],"texture":"#0","tintindex":0,"rotation":0},"south":{"uv":[1.1148,1.2459,1.1148,1.377],"texture":"#0","tintindex":0,"rotation":0},"west":{"uv":[1.1148,1.2459,1.1148,1.377],"texture":"#0","tintindex":0,"rotation":0},"up":{"uv":[1.1148,1.2459,1.1803,1.2459],"texture":"#0","tintindex":0,"rotation":0},"down":{"uv":[1.1803,1.2459,1.2459,1.2459],"texture":"#0","tintindex":0,"rotation":0}},"rotation":{"origin":[7.6,7.6000000000000005,8.4],"angle":0.0,"axis":"x"}},{"from":[7.799999999999999,7.6,7.8],"to":[8.2,7.609999999999999,8.2],"mirror_uv":true,"uv_offset":[16.0,19.0],"faces":{"north":{"uv":[1.1803,1.3115,1.1148,1.3115],"texture":"#0","tintindex":0,"rotation":0},"east":{"uv":[1.2459,1.3115,1.1803,1.3115],"texture":"#0","tintindex":0,"rotation":0},"south":{"uv":[1.3115,1.3115,1.2459,1.3115],"texture":"#0","tintindex":0,"rotation":0},"west":{"uv":[1.1148,1.3115,1.0492,1.3115],"texture":"#0","tintindex":0,"rotation":0},"up":{"uv":[1.1148,1.3115,1.1803,1.2459],"texture":"#0","tintindex":0,"rotation":0},"down":{"uv":[1.1803,1.2459,1.2459,1.3115],"texture":"#0","tintindex":0,"rotation":0}},"rotation":{"origin":[7.6,7.6000000000000005,8.4],"angle":0.0,"axis":"x"}}]}