{"textures":{"0":"freeminecraftmodels:entity/stiched_texture"},"display":{"head":{"translation":[29.76,1.92,-0.0],"scale":[4.0,4.0,4.0]}},"elements":[{"from":[7.76,6.08,7.36],"to":[8.239999999999998,9.92,8.64],"faces":{"north":{"uv":[22.4262,11.8033,22.8197,14.9508],"texture":"#0","tintindex":0,"rotation":0},"east":{"uv":[21.377,11.8033,22.4262,14.9508],"texture":"#0","tintindex":0,"rotation":0},"south":{"uv":[22.8197,11.8033,22.4262,14.9508],"texture":"#0","tintindex":0,"rotation":0},"west":{"uv":[3.0164,0.0,3.082,0.1311],"texture":"#0","tintindex":0,"rotation":0},"up":{"uv":[22.8197,11.8033,22.4262,10.7541],"texture":"#0","tintindex":0,"rotation":0},"down":{"uv":[22.8197,16.0,22.4262,14.9508],"texture":"#0","tintindex":0,"rotation":0}},"rotation":{"origin":[0.5599999999999996,5.92,8.0],"angle":0.0,"axis":"x"}}]}