{"textures":{"0":"freeminecraftmodels:entity/stiched_texture"},"display":{"head":{"translation":[-23.040000000000006,-6.08,-0.0],"scale":[4.0,4.0,4.0]}},"elements":[{"from":[6.560000000000001,6.08,7.36],"to":[9.440000000000001,9.92,8.64],"faces":{"north":{"uv":[46.1639,1.0492,48.5246,4.1967],"texture":"#0","tintindex":0,"rotation":0},"east":{"uv":[3.0164,0.0,3.2131,0.1967],"texture":"#0","tintindex":0,"rotation":0},"south":{"uv":[48.5246,1.0492,46.1639,4.1967],"texture":"#0","tintindex":0,"rotation":0},"west":{"uv":[3.0164,0.0,3.2131,0.1967],"texture":"#0","tintindex":0,"rotation":0},"up":{"uv":[48.5246,1.0492,46.1639,0.0],"texture":"#0","tintindex":0,"rotation":0},"down":{"uv":[48.5246,5.2459,46.1639,4.1967],"texture":"#0","tintindex":0,"rotation":0}},"rotation":{"origin":[13.760000000000002,5.92,8.0],"angle":0.0,"axis":"x"}}]}