{"textures":{"0":"freeminecraftmodels:entity/stiched_texture"},"display":{"head":{"translation":[-5.329070518200751E-15,-8.000000000000014,-0.7999999999999812],"scale":[4.0,4.0,4.0]}},"elements":[{"from":[7.400000000000001,7.2,7.8],"to":[8.600000000000001,8.8,8.2],"uv_offset":[22.0,1.0],"faces":{"north":{"uv":[1.5082,0.1311,1.7049,0.3934],"texture":"#0","tintindex":0,"rotation":0},"east":{"uv":[1.4426,0.1311,1.5082,0.3934],"texture":"#0","tintindex":0,"rotation":0},"south":{"uv":[1.7705,0.1311,1.9672,0.3934],"texture":"#0","tintindex":0,"rotation":0},"west":{"uv":[1.7049,0.1311,1.7705,0.3934],"texture":"#0","tintindex":0,"rotation":0},"up":{"uv":[1.7049,0.1311,1.5082,0.0656],"texture":"#0","tintindex":0,"rotation":0},"down":{"uv":[1.9016,0.0656,1.7049,0.1311],"texture":"#0","tintindex":0,"rotation":0}},"rotation":{"origin":[8.000000000000002,7.240000000000001,7.72],"angle":0.0,"axis":"x"}}]}