{"textures":{"0":"freeminecraftmodels:entity/stiched_texture"},"display":{"head":{"translation":[3.552713678800501E-15,-10.399999999999977,1.554312234475219E-14],"scale":[4.0,4.0,4.0]}},"elements":[{"from":[7.799999999999999,7.0,7.4],"to":[8.2,9.0,8.600000000000001],"uv_offset":[19.0,8.0],"faces":{"north":{"uv":[1.4426,0.7213,1.5082,1.0492],"texture":"#0","tintindex":0,"rotation":0},"east":{"uv":[1.2459,0.7213,1.4426,1.0492],"texture":"#0","tintindex":0,"rotation":0},"south":{"uv":[1.7049,0.7213,1.7705,1.0492],"texture":"#0","tintindex":0,"rotation":0},"west":{"uv":[1.5082,0.7213,1.7049,1.0492],"texture":"#0","tintindex":0,"rotation":0},"up":{"uv":[1.5082,0.7213,1.4426,0.5246],"texture":"#0","tintindex":0,"rotation":0},"down":{"uv":[1.5738,0.5246,1.5082,0.7213],"texture":"#0","tintindex":0,"rotation":0}},"rotation":{"origin":[8.6,6.160000000000001,9.120000000000001],"angle":0.0,"axis":"x"}}]}